County,UAT,p_PARTIDUL SOCIAL DEMOCRAT,p_PARTIDUL NAȚIONAL LIBERAL,p_ALIANȚA USR PLUS,p_None,p_PARTIDUL MIȘCAREA POPULARĂ,p_PARTIDUL PRO ROMÂNIA,p_PARTIDUL ALIANŢA LIBERALILOR ŞI DEMOCRAŢILOR – ALDE,p_PARTIDUL PUTERII UMANISTE (SOCIAL-LIBERAL),p_ALIANȚA PENTRU UNIREA ROMÂNILOR,p_PARTIDUL NAȚIONAL ȚĂRĂNESC CREȘTIN DEMOCRAT,p_UNIUNEA DEMOCRATĂ MAGHIARĂ DIN ROMÂNIA,p_PARTIDUL VERDE,p_PARTIDUL ACȚIUNEA NAȚIONALĂ ALBA,p_PARTIDUL FORȚA IDENTITĂȚII NAȚIONALE,p_PARTIDUL ROMÂNIA MARE,p_PARTIDUL POPULAR MAGHIAR DIN TRANSILVANIA,p_PARTIDUL PHRALIPE AL ROMILOR,cl_PARTIDUL SOCIAL DEMOCRAT,cl_PARTIDUL NAȚIONAL LIBERAL,cl_ALIANȚA USR PLUS,cl_None,cl_PARTIDUL MIȘCAREA POPULARĂ,cl_PARTIDUL PRO ROMÂNIA,cl_PARTIDUL ALIANŢA LIBERALILOR ŞI DEMOCRAŢILOR – ALDE,cl_PARTIDUL PUTERII UMANISTE (SOCIAL-LIBERAL),cl_ALIANȚA PENTRU UNIREA ROMÂNILOR,cl_PARTIDUL NAȚIONAL ȚĂRĂNESC CREȘTIN DEMOCRAT,cl_UNIUNEA DEMOCRATĂ MAGHIARĂ DIN ROMÂNIA,cl_PARTIDUL VERDE,cl_PARTIDUL ACȚIUNEA NAȚIONALĂ ALBA,cl_PARTIDUL FORȚA IDENTITĂȚII NAȚIONALE,cl_PARTIDUL ROMÂNIA MARE,cl_PARTIDUL POPULAR MAGHIAR DIN TRANSILVANIA,cl_PARTIDUL PHRALIPE AL ROMILOR,cj_PARTIDUL SOCIAL DEMOCRAT,cj_PARTIDUL NAȚIONAL LIBERAL,cj_ALIANȚA USR PLUS,cj_None,cj_PARTIDUL MIȘCAREA POPULARĂ,cj_PARTIDUL PRO ROMÂNIA,cj_PARTIDUL ALIANŢA LIBERALILOR ŞI DEMOCRAŢILOR – ALDE,cj_PARTIDUL PUTERII UMANISTE (SOCIAL-LIBERAL),cj_ALIANȚA PENTRU UNIREA ROMÂNILOR,cj_PARTIDUL NAȚIONAL ȚĂRĂNESC CREȘTIN DEMOCRAT,cj_UNIUNEA DEMOCRATĂ MAGHIARĂ DIN ROMÂNIA,cj_PARTIDUL VERDE,cj_PARTIDUL ACȚIUNEA NAȚIONALĂ ALBA,cj_PARTIDUL FORȚA IDENTITĂȚII NAȚIONALE,cj_PARTIDUL ROMÂNIA MARE,cj_PARTIDUL POPULAR MAGHIAR DIN TRANSILVANIA,cj_PARTIDUL PHRALIPE AL ROMILOR,pcj_PARTIDUL SOCIAL DEMOCRAT,pcj_PARTIDUL NAȚIONAL LIBERAL,pcj_ALIANȚA USR PLUS,pcj_None,pcj_PARTIDUL MIȘCAREA POPULARĂ,pcj_PARTIDUL PRO ROMÂNIA,pcj_PARTIDUL ALIANŢA LIBERALILOR ŞI DEMOCRAŢILOR – ALDE,pcj_PARTIDUL PUTERII UMANISTE (SOCIAL-LIBERAL),pcj_ALIANȚA PENTRU UNIREA ROMÂNILOR,pcj_PARTIDUL NAȚIONAL ȚĂRĂNESC CREȘTIN DEMOCRAT,pcj_UNIUNEA DEMOCRATĂ MAGHIARĂ DIN ROMÂNIA,pcj_PARTIDUL VERDE,pcj_PARTIDUL ACȚIUNEA NAȚIONALĂ ALBA,pcj_PARTIDUL FORȚA IDENTITĂȚII NAȚIONALE,pcj_PARTIDUL ROMÂNIA MARE,pcj_PARTIDUL POPULAR MAGHIAR DIN TRANSILVANIA,pcj_PARTIDUL PHRALIPE AL ROMILOR
ALBA,ALBAC,56957.0,164153.0,31380.0,301849.0,13760.0,8402.0,11465.0,1530.0,8593.0,335.0,1555.0,884.0,1556.0,90.0,31.0,106.0,66.0,56957.0,164153.0,31380.0,302862.0,13760.0,8402.0,11465.0,1530.0,8593.0,335.0,1555.0,884.0,1556.0,90.0,31.0,106.0,66.0,56957.0,164153.0,31380.0,303847.0,13760.0,8402.0,11465.0,1530.0,8593.0,335.0,1555.0,884.0,1556.0,90.0,31.0,106.0,66.0,57100.0,164860.0,31435.0,303847.0,13769.0,8417.0,11520.0,1537.0,8608.0,335.0,1555.0,884.0,1556.0,90.0,31.0,106.0,66.0
ALBA,ALMAŞU MARE,57132.0,165185.0,31558.0,303847.0,13955.0,8571.0,11520.0,1537.0,8608.0,335.0,1555.0,884.0,1556.0,90.0,31.0,106.0,66.0,57132.0,165185.0,31558.0,304655.0,13955.0,8571.0,11520.0,1537.0,8608.0,335.0,1555.0,884.0,1556.0,90.0,31.0,106.0,66.0,57132.0,165185.0,31558.0,305456.0,13955.0,8571.0,11520.0,1537.0,8608.0,335.0,1555.0,884.0,1556.0,90.0,31.0,106.0,66.0,57229.0,165517.0,31648.0,305456.0,14107.0,8649.0,11553.0,1545.0,8622.0,335.0,1555.0,884.0,1556.0,90.0,31.0,106.0,66.0
ALBA,ARIEŞENI,57825.0,166174.0,31648.0,305456.0,14107.0,8649.0,11553.0,1545.0,8622.0,335.0,1555.0,884.0,1556.0,90.0,31.0,106.0,66.0,57825.0,166174.0,31648.0,306704.0,14107.0,8649.0,11553.0,1545.0,8622.0,335.0,1555.0,884.0,1556.0,90.0,31.0,106.0,66.0,57825.0,166174.0,31648.0,307916.0,14107.0,8649.0,11553.0,1545.0,8622.0,335.0,1555.0,884.0,1556.0,90.0,31.0,106.0,66.0,58341.0,166832.0,31656.0,307916.0,14121.0,8673.0,11564.0,1546.0,8630.0,335.0,1555.0,884.0,1556.0,90.0,31.0,106.0,66.0
ALBA,AVRAM IANCU,58471.0,167507.0,31656.0,307916.0,14156.0,8673.0,11581.0,1546.0,8630.0,335.0,1555.0,884.0,1556.0,90.0,31.0,106.0,66.0,58471.0,167507.0,31656.0,308750.0,14156.0,8673.0,11581.0,1546.0,8630.0,335.0,1555.0,884.0,1556.0,90.0,31.0,106.0,66.0,58471.0,167507.0,31656.0,309554.0,14156.0,8673.0,11581.0,1546.0,8630.0,335.0,1555.0,884.0,1556.0,90.0,31.0,106.0,66.0,58564.0,168101.0,31671.0,309554.0,14182.0,8686.0,11598.0,1577.0,8667.0,335.0,1555.0,884.0,1556.0,90.0,31.0,106.0,66.0
ALBA,BERGHIN,58634.0,168624.0,31671.0,309554.0,14268.0,8686.0,11598.0,1577.0,8667.0,335.0,1555.0,884.0,1556.0,90.0,31.0,106.0,66.0,58634.0,168624.0,31671.0,310234.0,14268.0,8686.0,11598.0,1577.0,8667.0,335.0,1555.0,884.0,1556.0,90.0,31.0,106.0,66.0,58634.0,168624.0,31671.0,310885.0,14268.0,8686.0,11598.0,1577.0,8667.0,335.0,1555.0,884.0,1556.0,90.0,31.0,106.0,66.0,58692.0,169103.0,31690.0,310885.0,14334.0,8708.0,11607.0,1580.0,8683.0,335.0,1555.0,884.0,1556.0,90.0,31.0,106.0,66.0
ALBA,BISTRA,58891.0,170712.0,31690.0,310885.0,14385.0,8708.0,11668.0,1700.0,8683.0,335.0,1555.0,884.0,1556.0,90.0,31.0,106.0,66.0,58891.0,170712.0,31690.0,312906.0,14385.0,8708.0,11668.0,1700.0,8683.0,335.0,1555.0,884.0,1556.0,90.0,31.0,106.0,66.0,58891.0,170712.0,31690.0,314900.0,14385.0,8708.0,11668.0,1700.0,8683.0,335.0,1555.0,884.0,1556.0,90.0,31.0,106.0,66.0,59245.0,172130.0,31717.0,314900.0,14423.0,8770.0,11710.0,1759.0,8715.0,335.0,1555.0,884.0,1556.0,90.0,31.0,106.0,66.0
ALBA,BLANDIANA,59475.0,172542.0,31717.0,314900.0,14423.0,8770.0,11710.0,1759.0,8715.0,335.0,1555.0,884.0,1556.0,90.0,31.0,106.0,66.0,59475.0,172542.0,31717.0,315529.0,14423.0,8770.0,11710.0,1759.0,8715.0,335.0,1555.0,884.0,1556.0,90.0,31.0,106.0,66.0,59475.0,172542.0,31717.0,316132.0,14423.0,8770.0,11710.0,1759.0,8715.0,335.0,1555.0,884.0,1556.0,90.0,31.0,106.0,66.0,59618.0,172961.0,31741.0,316132.0,14435.0,8781.0,11715.0,1765.0,8724.0,335.0,1555.0,884.0,1556.0,90.0,31.0,106.0,66.0
ALBA,BUCERDEA GRÂNOASĂ,59884.0,173580.0,31741.0,316132.0,14667.0,8781.0,11715.0,1765.0,8724.0,335.0,1555.0,884.0,1556.0,90.0,31.0,106.0,66.0,59884.0,173580.0,31741.0,317235.0,14667.0,8781.0,11715.0,1765.0,8724.0,335.0,1555.0,884.0,1556.0,90.0,31.0,106.0,66.0,59884.0,173580.0,31741.0,318295.0,14667.0,8781.0,11715.0,1765.0,8724.0,335.0,1555.0,884.0,1556.0,90.0,31.0,106.0,66.0,60075.0,174230.0,31762.0,318295.0,14827.0,8795.0,11749.0,1768.0,8744.0,335.0,1555.0,884.0,1556.0,90.0,31.0,106.0,66.0
ALBA,BUCIUM,60635.0,174394.0,31762.0,318295.0,14827.0,8834.0,11749.0,1768.0,8744.0,335.0,1555.0,884.0,1556.0,90.0,31.0,106.0,66.0,60635.0,174394.0,31762.0,319059.0,14827.0,8834.0,11749.0,1768.0,8744.0,335.0,1555.0,884.0,1556.0,90.0,31.0,106.0,66.0,60635.0,174394.0,31762.0,319792.0,14827.0,8834.0,11749.0,1768.0,8744.0,335.0,1555.0,884.0,1556.0,90.0,31.0,106.0,66.0,61003.0,174686.0,31776.0,319792.0,14835.0,8857.0,11783.0,1768.0,8762.0,335.0,1555.0,884.0,1556.0,90.0,31.0,106.0,66.0
ALBA,CÂLNIC,61144.0,174941.0,31776.0,320291.0,14987.0,8857.0,11783.0,1768.0,8762.0,335.0,1555.0,884.0,1556.0,90.0,31.0,106.0,66.0,61144.0,174941.0,31776.0,321279.0,14987.0,8857.0,11783.0,1768.0,8762.0,335.0,1555.0,884.0,1556.0,90.0,31.0,106.0,66.0,61144.0,174941.0,31776.0,322212.0,14987.0,8857.0,11783.0,1768.0,8762.0,335.0,1555.0,884.0,1556.0,90.0,31.0,106.0,66.0,61324.0,175400.0,31876.0,322212.0,15174.0,8879.0,11791.0,1777.0,8775.0,335.0,1555.0,884.0,1556.0,90.0,31.0,106.0,66.0
ALBA,CENADE,61349.0,175813.0,31876.0,322212.0,15174.0,8879.0,11791.0,1777.0,8775.0,335.0,1555.0,884.0,1556.0,90.0,31.0,106.0,66.0,61349.0,175813.0,31876.0,322652.0,15174.0,8879.0,11791.0,1777.0,8775.0,335.0,1555.0,884.0,1556.0,90.0,31.0,106.0,66.0,61349.0,175813.0,31876.0,323079.0,15174.0,8879.0,11791.0,1777.0,8775.0,335.0,1555.0,884.0,1556.0,90.0,31.0,106.0,66.0,61372.0,176180.0,31884.0,323079.0,15174.0,8880.0,11820.0,1779.0,8777.0,335.0,1555.0,884.0,1556.0,90.0,31.0,106.0,66.0
ALBA,CERGĂU,61481.0,176776.0,31979.0,323079.0,15174.0,8990.0,11820.0,1779.0,8777.0,335.0,1555.0,884.0,1556.0,90.0,31.0,106.0,66.0,61481.0,176776.0,31979.0,323982.0,15174.0,8990.0,11820.0,1779.0,8777.0,335.0,1555.0,884.0,1556.0,90.0,31.0,106.0,66.0,61481.0,176776.0,31979.0,324864.0,15174.0,8990.0,11820.0,1779.0,8777.0,335.0,1555.0,884.0,1556.0,90.0,31.0,106.0,66.0,61595.0,177359.0,32070.0,324864.0,15188.0,9066.0,11827.0,1779.0,8784.0,335.0,1555.0,884.0,1556.0,90.0,31.0,106.0,66.0
ALBA,CERU-BĂCĂINŢI,61607.0,177424.0,32070.0,324864.0,15351.0,9066.0,11827.0,1779.0,8784.0,335.0,1555.0,884.0,1556.0,90.0,31.0,106.0,66.0,61607.0,177424.0,32070.0,325103.0,15351.0,9066.0,11827.0,1779.0,8784.0,335.0,1555.0,884.0,1556.0,90.0,31.0,106.0,66.0,61607.0,177424.0,32070.0,325329.0,15351.0,9066.0,11827.0,1779.0,8784.0,335.0,1555.0,884.0,1556.0,90.0,31.0,106.0,66.0,61620.0,177540.0,32073.0,325329.0,15453.0,9068.0,11827.0,1779.0,8784.0,335.0,1555.0,884.0,1556.0,90.0,31.0,106.0,66.0
ALBA,CETATEA DE BALTĂ,61932.0,178384.0,32073.0,325329.0,15453.0,9068.0,11827.0,1779.0,8784.0,335.0,1555.0,884.0,1556.0,90.0,31.0,106.0,66.0,61932.0,178384.0,32073.0,326461.0,15453.0,9068.0,11827.0,1779.0,8784.0,335.0,1555.0,884.0,1556.0,90.0,31.0,106.0,66.0,61932.0,178384.0,32073.0,327546.0,15453.0,9068.0,11827.0,1779.0,8784.0,335.0,1555.0,884.0,1556.0,90.0,31.0,106.0,66.0,62206.0,179097.0,32099.0,327546.0,15478.0,9077.0,11843.0,1787.0,8813.0,335.0,1555.0,884.0,1556.0,90.0,31.0,106.0,66.0
ALBA,CIUGUD,62206.0,179097.0,32099.0,329073.0,15684.0,9077.0,11843.0,1787.0,8813.0,335.0,1555.0,884.0,1556.0,90.0,31.0,106.0,66.0,62206.0,179097.0,32099.0,330845.0,15684.0,9077.0,11843.0,1787.0,8813.0,335.0,1555.0,884.0,1556.0,90.0,31.0,106.0,66.0,62206.0,179097.0,32099.0,332571.0,15684.0,9077.0,11843.0,1787.0,8813.0,335.0,1555.0,884.0,1556.0,90.0,31.0,106.0,66.0,62373.0,180236.0,32245.0,332571.0,15857.0,9115.0,11877.0,1799.0,8860.0,335.0,1555.0,884.0,1556.0,90.0,31.0,106.0,66.0
ALBA,CIURULEASA,62992.0,180292.0,32245.0,332571.0,15870.0,9115.0,11877.0,1799.0,8876.0,335.0,1555.0,884.0,1556.0,90.0,31.0,106.0,66.0,62992.0,180292.0,32245.0,333260.0,15870.0,9115.0,11877.0,1799.0,8876.0,335.0,1555.0,884.0,1556.0,90.0,31.0,106.0,66.0,62992.0,180292.0,32245.0,333924.0,15870.0,9115.0,11877.0,1799.0,8876.0,335.0,1555.0,884.0,1556.0,90.0,31.0,106.0,66.0,63424.0,180461.0,32261.0,333924.0,15882.0,9122.0,11891.0,1805.0,8896.0,335.0,1555.0,884.0,1556.0,90.0,31.0,106.0,66.0
ALBA,CRĂCIUNELU DE JOS,63482.0,181069.0,32261.0,334072.0,16090.0,9157.0,11891.0,1805.0,8896.0,335.0,1555.0,884.0,1556.0,90.0,31.0,106.0,66.0,63482.0,181069.0,32261.0,335123.0,16090.0,9157.0,11891.0,1805.0,8896.0,335.0,1555.0,884.0,1556.0,90.0,31.0,106.0,66.0,63482.0,181069.0,32261.0,336149.0,16090.0,9157.0,11891.0,1805.0,8896.0,335.0,1555.0,884.0,1556.0,90.0,31.0,106.0,66.0,63585.0,181682.0,32336.0,336149.0,16237.0,9216.0,11911.0,1811.0,8911.0,335.0,1555.0,884.0,1556.0,90.0,31.0,106.0,66.0
ALBA,CRICĂU,63646.0,182169.0,32336.0,336149.0,16237.0,9216.0,12561.0,1811.0,8924.0,335.0,1555.0,884.0,1556.0,90.0,31.0,106.0,66.0,63646.0,182169.0,32336.0,337346.0,16237.0,9216.0,12561.0,1811.0,8924.0,335.0,1555.0,884.0,1556.0,90.0,31.0,106.0,66.0,63646.0,182169.0,32336.0,338527.0,16237.0,9216.0,12561.0,1811.0,8924.0,335.0,1555.0,884.0,1556.0,90.0,31.0,106.0,66.0,63754.0,182763.0,32379.0,338527.0,16258.0,9227.0,12975.0,1812.0,8940.0,335.0,1555.0,884.0,1556.0,90.0,31.0,106.0,66.0
ALBA,CUT,63892.0,183185.0,32409.0,338527.0,16331.0,9227.0,12975.0,1812.0,8940.0,396.0,1555.0,884.0,1556.0,90.0,31.0,106.0,66.0,63892.0,183185.0,32409.0,339245.0,16331.0,9227.0,12975.0,1812.0,8940.0,396.0,1555.0,884.0,1556.0,90.0,31.0,106.0,66.0,63892.0,183185.0,32409.0,339952.0,16331.0,9227.0,12975.0,1812.0,8940.0,396.0,1555.0,884.0,1556.0,90.0,31.0,106.0,66.0,64056.0,183609.0,32447.0,339952.0,16398.0,9233.0,12976.0,1815.0,8957.0,396.0,1555.0,884.0,1556.0,90.0,31.0,106.0,66.0
ALBA,DAIA ROMÂNĂ,64167.0,184853.0,32447.0,339952.0,16504.0,9233.0,12976.0,1815.0,8957.0,396.0,1555.0,884.0,1556.0,90.0,31.0,106.0,66.0,64167.0,184853.0,32447.0,341416.0,16504.0,9233.0,12976.0,1815.0,8957.0,396.0,1555.0,884.0,1556.0,90.0,31.0,106.0,66.0,64167.0,184853.0,32447.0,342820.0,16504.0,9233.0,12976.0,1815.0,8957.0,396.0,1555.0,884.0,1556.0,90.0,31.0,106.0,66.0,64262.0,186089.0,32466.0,342820.0,16563.0,9240.0,12981.0,1816.0,8967.0,396.0,1555.0,884.0,1556.0,90.0,31.0,106.0,66.0
ALBA,DOŞTAT,64290.0,186519.0,32466.0,342820.0,16563.0,9240.0,13064.0,1816.0,8967.0,396.0,1555.0,884.0,1556.0,90.0,31.0,106.0,66.0,64290.0,186519.0,32466.0,343351.0,16563.0,9240.0,13064.0,1816.0,8967.0,396.0,1555.0,884.0,1556.0,90.0,31.0,106.0,66.0,64290.0,186519.0,32466.0,343864.0,16563.0,9240.0,13064.0,1816.0,8967.0,396.0,1555.0,884.0,1556.0,90.0,31.0,106.0,66.0,64325.0,186918.0,32468.0,343864.0,16577.0,9245.0,13127.0,1816.0,8975.0,396.0,1555.0,884.0,1556.0,90.0,31.0,106.0,66.0
ALBA,FĂRĂU,64349.0,187638.0,32596.0,343864.0,16577.0,9245.0,13127.0,1816.0,8975.0,396.0,1555.0,884.0,1556.0,90.0,31.0,106.0,66.0,64349.0,187638.0,32596.0,344719.0,16577.0,9245.0,13127.0,1816.0,8975.0,396.0,1555.0,884.0,1556.0,90.0,31.0,106.0,66.0,64349.0,187638.0,32596.0,345553.0,16577.0,9245.0,13127.0,1816.0,8975.0,396.0,1555.0,884.0,1556.0,90.0,31.0,106.0,66.0,64396.0,188328.0,32658.0,345553.0,16585.0,9263.0,13140.0,1818.0,8987.0,396.0,1555.0,884.0,1556.0,90.0,31.0,106.0,66.0
ALBA,GALDA DE JOS,64979.0,189093.0,32786.0,345553.0,17063.0,9334.0,13140.0,1841.0,8987.0,396.0,1555.0,884.0,1556.0,90.0,31.0,106.0,66.0,64979.0,189093.0,32786.0,347587.0,17063.0,9334.0,13140.0,1841.0,8987.0,396.0,1555.0,884.0,1556.0,90.0,31.0,106.0,66.0,64979.0,189093.0,32786.0,349596.0,17063.0,9334.0,13140.0,1841.0,8987.0,396.0,1555.0,884.0,1556.0,90.0,31.0,106.0,66.0,65473.0,189942.0,32915.0,349596.0,17423.0,9386.0,13201.0,1874.0,9027.0,396.0,1555.0,884.0,1556.0,90.0,31.0,106.0,66.0
ALBA,GÂRBOVA,65999.0,190457.0,32915.0,349596.0,17423.0,9386.0,13201.0,1874.0,9027.0,396.0,1555.0,884.0,1556.0,90.0,31.0,106.0,66.0,65999.0,190457.0,32915.0,350607.0,17423.0,9386.0,13201.0,1874.0,9027.0,396.0,1555.0,884.0,1556.0,90.0,31.0,106.0,66.0,65999.0,190457.0,32915.0,351574.0,17423.0,9386.0,13201.0,1874.0,9027.0,396.0,1555.0,884.0,1556.0,90.0,31.0,106.0,66.0,66436.0,190968.0,32922.0,351574.0,17470.0,9395.0,13202.0,1877.0,9035.0,396.0,1555.0,884.0,1556.0,90.0,31.0,106.0,66.0
ALBA,GÂRDA DE SUS,66501.0,191395.0,32922.0,351574.0,17470.0,9680.0,13309.0,1877.0,9035.0,396.0,1555.0,884.0,1556.0,90.0,31.0,106.0,66.0,66501.0,191395.0,32922.0,352433.0,17470.0,9680.0,13309.0,1877.0,9035.0,396.0,1555.0,884.0,1556.0,90.0,31.0,106.0,66.0,66501.0,191395.0,32922.0,353263.0,17470.0,9680.0,13309.0,1877.0,9035.0,396.0,1555.0,884.0,1556.0,90.0,31.0,106.0,66.0,66608.0,191893.0,32942.0,353263.0,17491.0,9810.0,13372.0,1890.0,9049.0,396.0,1555.0,884.0,1556.0,90.0,31.0,106.0,66.0
ALBA,HOPÂRTA,66665.0,192348.0,32942.0,353263.0,17506.0,9810.0,13372.0,1890.0,9049.0,396.0,1555.0,884.0,1556.0,90.0,31.0,106.0,66.0,66665.0,192348.0,32942.0,353791.0,17506.0,9810.0,13372.0,1890.0,9049.0,396.0,1555.0,884.0,1556.0,90.0,31.0,106.0,66.0,66665.0,192348.0,32942.0,354302.0,17506.0,9810.0,13372.0,1890.0,9049.0,396.0,1555.0,884.0,1556.0,90.0,31.0,106.0,66.0,66720.0,192769.0,32947.0,354302.0,17530.0,9822.0,13375.0,1891.0,9053.0,396.0,1555.0,884.0,1556.0,90.0,31.0,106.0,66.0
ALBA,HOREA,67070.0,193593.0,32947.0,354302.0,17530.0,9822.0,13375.0,1891.0,9053.0,396.0,1555.0,884.0,1556.0,90.0,31.0,106.0,66.0,67070.0,193593.0,32947.0,355461.0,17530.0,9822.0,13375.0,1891.0,9053.0,396.0,1555.0,884.0,1556.0,90.0,31.0,106.0,66.0,67070.0,193593.0,32947.0,356585.0,17530.0,9822.0,13375.0,1891.0,9053.0,396.0,1555.0,884.0,1556.0,90.0,31.0,106.0,66.0,67352.0,194369.0,32972.0,356585.0,17553.0,9850.0,13385.0,1895.0,9062.0,396.0,1555.0,884.0,1556.0,90.0,31.0,106.0,66.0
ALBA,IGHIU,67900.0,195950.0,33718.0,356585.0,17728.0,9850.0,13385.0,1895.0,9062.0,396.0,1555.0,884.0,1556.0,90.0,31.0,106.0,66.0,67900.0,195950.0,33718.0,359608.0,17728.0,9850.0,13385.0,1895.0,9062.0,396.0,1555.0,884.0,1556.0,90.0,31.0,106.0,66.0,67900.0,195950.0,33718.0,362560.0,17728.0,9850.0,13385.0,1895.0,9062.0,396.0,1555.0,884.0,1556.0,90.0,31.0,106.0,66.0,68352.0,197624.0,34198.0,362560.0,17868.0,9938.0,13437.0,1905.0,9175.0,396.0,1555.0,884.0,1556.0,90.0,31.0,106.0,66.0
ALBA,ÎNTREGALDE,68355.0,197793.0,34198.0,362779.0,17868.0,9938.0,13437.0,1905.0,9175.0,396.0,1555.0,884.0,1556.0,90.0,31.0,106.0,66.0,68355.0,197793.0,34198.0,363161.0,17868.0,9938.0,13437.0,1905.0,9175.0,396.0,1555.0,884.0,1556.0,90.0,31.0,106.0,66.0,68355.0,197793.0,34198.0,363526.0,17868.0,9938.0,13437.0,1905.0,9175.0,396.0,1555.0,884.0,1556.0,90.0,31.0,106.0,66.0,68383.0,197973.0,34203.0,363526.0,17976.0,9942.0,13489.0,1908.0,9176.0,396.0,1555.0,884.0,1556.0,90.0,31.0,106.0,66.0
ALBA,JIDVEI,68383.0,200096.0,34203.0,363526.0,18007.0,9942.0,13489.0,1908.0,9379.0,396.0,1555.0,884.0,1556.0,90.0,31.0,106.0,66.0,68383.0,200096.0,34203.0,365836.0,18007.0,9942.0,13489.0,1908.0,9379.0,396.0,1555.0,884.0,1556.0,90.0,31.0,106.0,66.0,68383.0,200096.0,34203.0,368076.0,18007.0,9942.0,13489.0,1908.0,9379.0,396.0,1555.0,884.0,1556.0,90.0,31.0,106.0,66.0,68528.0,201989.0,34232.0,368076.0,18030.0,9972.0,13523.0,1914.0,9497.0,396.0,1555.0,884.0,1556.0,90.0,31.0,106.0,66.0
ALBA,LIVEZILE,68715.0,202588.0,34232.0,368076.0,18057.0,9972.0,13523.0,1914.0,9497.0,396.0,1555.0,884.0,1556.0,90.0,31.0,106.0,66.0,68715.0,202588.0,34232.0,368878.0,18057.0,9972.0,13523.0,1914.0,9497.0,396.0,1555.0,884.0,1556.0,90.0,31.0,106.0,66.0,68715.0,202588.0,34232.0,369645.0,18057.0,9972.0,13523.0,1914.0,9497.0,396.0,1555.0,884.0,1556.0,90.0,31.0,106.0,66.0,68855.0,203194.0,34239.0,369645.0,18077.0,9987.0,13525.0,1916.0,9501.0,396.0,1555.0,884.0,1556.0,90.0,31.0,106.0,66.0
ALBA,LOPADEA NOUĂ,68884.0,204207.0,34239.0,369645.0,18089.0,9987.0,13525.0,1916.0,9501.0,396.0,2215.0,884.0,1556.0,90.0,31.0,106.0,66.0,68884.0,204207.0,34239.0,371353.0,18089.0,9987.0,13525.0,1916.0,9501.0,396.0,2215.0,884.0,1556.0,90.0,31.0,106.0,66.0,68884.0,204207.0,34239.0,373036.0,18089.0,9987.0,13525.0,1916.0,9501.0,396.0,2215.0,884.0,1556.0,90.0,31.0,106.0,66.0,69002.0,205461.0,34300.0,373036.0,18113.0,10011.0,13545.0,1922.0,9516.0,396.0,2215.0,884.0,1556.0,90.0,31.0,106.0,66.0
ALBA,LUNCA MUREŞULUI,69002.0,205803.0,34318.0,373036.0,18113.0,10011.0,13924.0,1922.0,9516.0,396.0,2784.0,884.0,1556.0,90.0,31.0,106.0,66.0,69002.0,205803.0,34318.0,374293.0,18113.0,10011.0,13924.0,1922.0,9516.0,396.0,2784.0,884.0,1556.0,90.0,31.0,106.0,66.0,69002.0,205803.0,34318.0,375534.0,18113.0,10011.0,13924.0,1922.0,9516.0,396.0,2784.0,884.0,1556.0,90.0,31.0,106.0,66.0,69142.0,206315.0,34391.0,375534.0,18157.0,10039.0,14243.0,1930.0,9545.0,396.0,2784.0,884.0,1556.0,90.0,31.0,106.0,66.0
ALBA,LUPŞA,69437.0,206773.0,35216.0,375534.0,18214.0,10076.0,14274.0,1930.0,9566.0,396.0,2784.0,884.0,1556.0,90.0,31.0,106.0,66.0,69437.0,206773.0,35216.0,377231.0,18214.0,10076.0,14274.0,1930.0,9566.0,396.0,2784.0,884.0,1556.0,90.0,31.0,106.0,66.0,69437.0,206773.0,35216.0,378894.0,18214.0,10076.0,14274.0,1930.0,9566.0,396.0,2784.0,884.0,1556.0,90.0,31.0,106.0,66.0,69799.0,207426.0,35616.0,378894.0,18315.0,10114.0,14342.0,1941.0,9621.0,396.0,2784.0,884.0,1556.0,90.0,31.0,106.0,66.0
ALBA,METEŞ,70368.0,208202.0,35697.0,378894.0,18315.0,10194.0,14360.0,1977.0,9621.0,396.0,2784.0,884.0,1556.0,90.0,31.0,106.0,66.0,70368.0,208202.0,35697.0,380423.0,18315.0,10194.0,14360.0,1977.0,9621.0,396.0,2784.0,884.0,1556.0,90.0,31.0,106.0,66.0,70368.0,208202.0,35697.0,381903.0,18315.0,10194.0,14360.0,1977.0,9621.0,396.0,2784.0,884.0,1556.0,90.0,31.0,106.0,66.0,70807.0,208996.0,35777.0,381903.0,18350.0,10264.0,14399.0,2005.0,9667.0,396.0,2784.0,884.0,1556.0,90.0,31.0,106.0,66.0
ALBA,MIHALŢ,71230.0,210184.0,35876.0,381903.0,18531.0,10264.0,14399.0,2005.0,9685.0,396.0,2784.0,884.0,1556.0,90.0,31.0,106.0,66.0,71230.0,210184.0,35876.0,383800.0,18531.0,10264.0,14399.0,2005.0,9685.0,396.0,2784.0,884.0,1556.0,90.0,31.0,106.0,66.0,71230.0,210184.0,35876.0,385662.0,18531.0,10264.0,14399.0,2005.0,9685.0,396.0,2784.0,884.0,1556.0,90.0,31.0,106.0,66.0,71592.0,211402.0,35953.0,385662.0,18668.0,10293.0,14437.0,2007.0,9708.0,396.0,2784.0,884.0,1556.0,90.0,31.0,106.0,66.0
ALBA,MIRĂSLĂU,71917.0,211859.0,36038.0,385662.0,18712.0,10293.0,14437.0,2007.0,9708.0,396.0,2784.0,884.0,1556.0,90.0,31.0,106.0,66.0,71917.0,211859.0,36038.0,386549.0,18712.0,10293.0,14437.0,2007.0,9708.0,396.0,2784.0,884.0,1556.0,90.0,31.0,106.0,66.0,71917.0,211859.0,36038.0,387424.0,18712.0,10293.0,14437.0,2007.0,9708.0,396.0,2784.0,884.0,1556.0,90.0,31.0,106.0,66.0,72171.0,212334.0,36094.0,387424.0,18743.0,10321.0,14455.0,2012.0,9719.0,396.0,2784.0,884.0,1556.0,90.0,31.0,106.0,66.0
ALBA,MOGOŞ,72296.0,212543.0,36149.0,387424.0,18778.0,10321.0,14498.0,2012.0,9719.0,396.0,2784.0,884.0,1556.0,90.0,31.0,106.0,66.0,72296.0,212543.0,36149.0,387890.0,18778.0,10321.0,14498.0,2012.0,9719.0,396.0,2784.0,884.0,1556.0,90.0,31.0,106.0,66.0,72296.0,212543.0,36149.0,388333.0,18778.0,10321.0,14498.0,2012.0,9719.0,396.0,2784.0,884.0,1556.0,90.0,31.0,106.0,66.0,72391.0,212788.0,36189.0,388333.0,18800.0,10323.0,14548.0,2012.0,9723.0,396.0,2784.0,884.0,1556.0,90.0,31.0,106.0,66.0
ALBA,MUNICIPIUL AIUD,73744.0,216517.0,38148.0,388629.0,18999.0,10461.0,14997.0,2012.0,9723.0,396.0,2784.0,884.0,1556.0,90.0,31.0,106.0,66.0,73744.0,216517.0,38148.0,396724.0,18999.0,10461.0,14997.0,2012.0,9723.0,396.0,2784.0,884.0,1556.0,90.0,31.0,106.0,66.0,73744.0,216517.0,38148.0,404715.0,18999.0,10461.0,14997.0,2012.0,9723.0,396.0,2784.0,884.0,1556.0,90.0,31.0,106.0,66.0,75205.0,220586.0,39493.0,404715.0,19235.0,10650.0,15458.0,2106.0,9853.0,396.0,2784.0,884.0,1556.0,90.0,31.0,106.0,66.0
ALBA,MUNICIPIUL ALBA IULIA,77233.0,228014.0,47600.0,404715.0,19678.0,11365.0,16125.0,2227.0,10495.0,396.0,2784.0,1201.0,3112.0,90.0,31.0,106.0,66.0,77233.0,228014.0,47600.0,426635.0,19678.0,11365.0,16125.0,2227.0,10495.0,396.0,2784.0,1201.0,3112.0,90.0,31.0,106.0,66.0,77233.0,228014.0,47600.0,448433.0,19678.0,11365.0,16125.0,2227.0,10495.0,396.0,2784.0,1201.0,3112.0,90.0,31.0,106.0,66.0,79838.0,238290.0,52318.0,448433.0,20602.0,12338.0,17052.0,2485.0,11644.0,396.0,2784.0,1201.0,3112.0,90.0,31.0,106.0,66.0
ALBA,MUNICIPIUL BLAJ,80428.0,243806.0,52598.0,448433.0,20602.0,12338.0,17657.0,2485.0,11644.0,396.0,2784.0,1201.0,3112.0,90.0,31.0,106.0,66.0,80428.0,243806.0,52598.0,455369.0,20602.0,12338.0,17657.0,2485.0,11644.0,396.0,2784.0,1201.0,3112.0,90.0,31.0,106.0,66.0,80428.0,243806.0,52598.0,462235.0,20602.0,12338.0,17657.0,2485.0,11644.0,396.0,2784.0,1201.0,3112.0,90.0,31.0,106.0,66.0,81155.0,248934.0,52926.0,462235.0,20719.0,12438.0,18040.0,2528.0,11750.0,396.0,2784.0,1201.0,3112.0,90.0,31.0,106.0,66.0
ALBA,MUNICIPIUL SEBEŞ,83342.0,255410.0,53470.0,462235.0,20905.0,12501.0,18163.0,2528.0,12089.0,396.0,2784.0,1669.0,3112.0,180.0,31.0,106.0,66.0,83342.0,255410.0,53470.0,472664.0,20905.0,12501.0,18163.0,2528.0,12089.0,396.0,2784.0,1669.0,3112.0,180.0,31.0,106.0,66.0,83342.0,255410.0,53470.0,482864.0,20905.0,12501.0,18163.0,2528.0,12089.0,396.0,2784.0,1669.0,3112.0,180.0,31.0,106.0,66.0,85305.0,261611.0,54309.0,482864.0,21309.0,12671.0,18352.0,2577.0,12550.0,396.0,2784.0,1669.0,3112.0,180.0,31.0,106.0,66.0
ALBA,NOŞLAC,85370.0,262110.0,54309.0,482864.0,21438.0,12671.0,18352.0,2577.0,12606.0,396.0,2784.0,1669.0,3112.0,180.0,31.0,106.0,66.0,85370.0,262110.0,54309.0,483591.0,21438.0,12671.0,18352.0,2577.0,12606.0,396.0,2784.0,1669.0,3112.0,180.0,31.0,106.0,66.0,85370.0,262110.0,54309.0,484314.0,21438.0,12671.0,18352.0,2577.0,12606.0,396.0,2784.0,1669.0,3112.0,180.0,31.0,106.0,66.0,85454.0,262607.0,54315.0,484314.0,21514.0,12683.0,18360.0,2582.0,12649.0,396.0,2784.0,1669.0,3112.0,180.0,31.0,106.0,66.0
ALBA,OCOLIŞ,85469.0,262955.0,54358.0,484314.0,21514.0,12683.0,18360.0,2582.0,12649.0,396.0,2784.0,1669.0,3112.0,180.0,31.0,106.0,66.0,85469.0,262955.0,54358.0,484710.0,21514.0,12683.0,18360.0,2582.0,12649.0,396.0,2784.0,1669.0,3112.0,180.0,31.0,106.0,66.0,85469.0,262955.0,54358.0,485093.0,21514.0,12683.0,18360.0,2582.0,12649.0,396.0,2784.0,1669.0,3112.0,180.0,31.0,106.0,66.0,85503.0,263268.0,54378.0,485093.0,21522.0,12692.0,18366.0,2584.0,12652.0,396.0,2784.0,1669.0,3112.0,180.0,31.0,106.0,66.0
ALBA,OHABA,85678.0,263499.0,54378.0,485116.0,21536.0,12692.0,18377.0,2584.0,12652.0,396.0,2784.0,1669.0,3112.0,180.0,31.0,106.0,66.0,85678.0,263499.0,54378.0,485559.0,21536.0,12692.0,18377.0,2584.0,12652.0,396.0,2784.0,1669.0,3112.0,180.0,31.0,106.0,66.0,85678.0,263499.0,54378.0,485973.0,21536.0,12692.0,18377.0,2584.0,12652.0,396.0,2784.0,1669.0,3112.0,180.0,31.0,106.0,66.0,85821.0,263735.0,54383.0,485973.0,21560.0,12697.0,18393.0,2586.0,12659.0,396.0,2784.0,1669.0,3112.0,180.0,31.0,106.0,66.0
ALBA,ORAŞ ABRUD,86753.0,264687.0,54624.0,485973.0,21587.0,12752.0,18469.0,2586.0,12659.0,396.0,2784.0,1669.0,3112.0,180.0,31.0,106.0,66.0,86753.0,264687.0,54624.0,488242.0,21587.0,12752.0,18469.0,2586.0,12659.0,396.0,2784.0,1669.0,3112.0,180.0,31.0,106.0,66.0,86753.0,264687.0,54624.0,490456.0,21587.0,12752.0,18469.0,2586.0,12659.0,396.0,2784.0,1669.0,3112.0,180.0,31.0,106.0,66.0,87564.0,265661.0,54777.0,490456.0,21631.0,12815.0,18582.0,2607.0,12728.0,396.0,2784.0,1669.0,3112.0,180.0,31.0,106.0,66.0
ALBA,ORAŞ BAIA DE ARIEŞ,88045.0,266337.0,54777.0,490456.0,21687.0,12890.0,19108.0,2607.0,12728.0,396.0,2784.0,1669.0,3112.0,180.0,31.0,106.0,66.0,88045.0,266337.0,54777.0,492234.0,21687.0,12890.0,19108.0,2607.0,12728.0,396.0,2784.0,1669.0,3112.0,180.0,31.0,106.0,66.0,88045.0,266337.0,54777.0,493977.0,21687.0,12890.0,19108.0,2607.0,12728.0,396.0,2784.0,1669.0,3112.0,180.0,31.0,106.0,66.0,88530.0,267102.0,54858.0,493977.0,21749.0,12958.0,19361.0,2621.0,12766.0,396.0,2784.0,1669.0,3112.0,180.0,31.0,106.0,66.0
ALBA,ORAŞ CÂMPENI,90388.0,269205.0,54945.0,493977.0,21781.0,12980.0,19399.0,2621.0,12766.0,396.0,2784.0,1669.0,3112.0,180.0,62.0,106.0,66.0,90388.0,269205.0,54945.0,498111.0,21781.0,12980.0,19399.0,2621.0,12766.0,396.0,2784.0,1669.0,3112.0,180.0,62.0,106.0,66.0,90388.0,269205.0,54945.0,502126.0,21781.0,12980.0,19399.0,2621.0,12766.0,396.0,2784.0,1669.0,3112.0,180.0,62.0,106.0,66.0,91945.0,271265.0,55100.0,502126.0,21835.0,13069.0,19501.0,2640.0,12837.0,396.0,2784.0,1669.0,3112.0,180.0,62.0,106.0,66.0
ALBA,ORAŞ CUGIR,93752.0,275393.0,56672.0,502126.0,22133.0,13195.0,19598.0,2640.0,13016.0,396.0,2784.0,1669.0,3112.0,180.0,62.0,106.0,66.0,93752.0,275393.0,56672.0,510288.0,22133.0,13195.0,19598.0,2640.0,13016.0,396.0,2784.0,1669.0,3112.0,180.0,62.0,106.0,66.0,93752.0,275393.0,56672.0,518287.0,22133.0,13195.0,19598.0,2640.0,13016.0,396.0,2784.0,1669.0,3112.0,180.0,62.0,106.0,66.0,95695.0,279327.0,57982.0,518287.0,22385.0,13355.0,19779.0,2773.0,13232.0,396.0,2784.0,1669.0,3112.0,180.0,62.0,106.0,66.0
ALBA,ORAŞ OCNA MUREŞ,96075.0,282632.0,58077.0,518287.0,22700.0,13470.0,19779.0,2773.0,13232.0,396.0,2784.0,1669.0,3112.0,180.0,62.0,106.0,66.0,96075.0,282632.0,58077.0,522449.0,22700.0,13470.0,19779.0,2773.0,13232.0,396.0,2784.0,1669.0,3112.0,180.0,62.0,106.0,66.0,96075.0,282632.0,58077.0,526573.0,22700.0,13470.0,19779.0,2773.0,13232.0,396.0,2784.0,1669.0,3112.0,180.0,62.0,106.0,66.0,96594.0,285562.0,58216.0,526573.0,22914.0,13558.0,19836.0,2790.0,13429.0,396.0,2784.0,1669.0,3112.0,180.0,62.0,106.0,66.0
ALBA,ORAŞ TEIUŞ,98248.0,286255.0,58278.0,526573.0,23049.0,13673.0,19921.0,2790.0,13589.0,396.0,2784.0,1686.0,3112.0,180.0,62.0,106.0,66.0,98248.0,286255.0,58278.0,529464.0,23049.0,13673.0,19921.0,2790.0,13589.0,396.0,2784.0,1686.0,3112.0,180.0,62.0,106.0,66.0,98248.0,286255.0,58278.0,532313.0,23049.0,13673.0,19921.0,2790.0,13589.0,396.0,2784.0,1686.0,3112.0,180.0,62.0,106.0,66.0,99401.0,287311.0,58362.0,532313.0,23190.0,13864.0,20012.0,2809.0,13749.0,396.0,2784.0,1686.0,3112.0,180.0,62.0,106.0,66.0
ALBA,ORAŞ ZLATNA,99939.0,289365.0,58513.0,532313.0,23290.0,14138.0,20206.0,2809.0,13749.0,642.0,2784.0,1686.0,3112.0,180.0,62.0,106.0,66.0,99939.0,289365.0,58513.0,535831.0,23290.0,14138.0,20206.0,2809.0,13749.0,642.0,2784.0,1686.0,3112.0,180.0,62.0,106.0,66.0,99939.0,289365.0,58513.0,539314.0,23290.0,14138.0,20206.0,2809.0,13749.0,642.0,2784.0,1686.0,3112.0,180.0,62.0,106.0,66.0,100617.0,291306.0,58673.0,539314.0,23528.0,14319.0,20399.0,2825.0,13821.0,642.0,2784.0,1686.0,3112.0,180.0,62.0,106.0,66.0
ALBA,PIANU,101158.0,292312.0,58673.0,539314.0,23528.0,14459.0,20399.0,2825.0,13821.0,642.0,2784.0,1686.0,3112.0,180.0,62.0,106.0,66.0,101158.0,292312.0,58673.0,540992.0,23528.0,14459.0,20399.0,2825.0,13821.0,642.0,2784.0,1686.0,3112.0,180.0,62.0,106.0,66.0,101158.0,292312.0,58673.0,542624.0,23528.0,14459.0,20399.0,2825.0,13821.0,642.0,2784.0,1686.0,3112.0,180.0,62.0,106.0,66.0,101509.0,293298.0,58751.0,542624.0,23564.0,14551.0,20439.0,2838.0,13894.0,642.0,2784.0,1686.0,3112.0,180.0,62.0,106.0,66.0
ALBA,POIANA VADULUI,101759.0,293664.0,58751.0,542624.0,23564.0,14563.0,20453.0,2838.0,13894.0,642.0,2784.0,1686.0,3112.0,180.0,62.0,106.0,66.0,101759.0,293664.0,58751.0,543259.0,23564.0,14563.0,20453.0,2838.0,13894.0,642.0,2784.0,1686.0,3112.0,180.0,62.0,106.0,66.0,101759.0,293664.0,58751.0,543843.0,23564.0,14563.0,20453.0,2838.0,13894.0,642.0,2784.0,1686.0,3112.0,180.0,62.0,106.0,66.0,101959.0,293992.0,58768.0,543843.0,23585.0,14585.0,20489.0,2846.0,13894.0,642.0,2784.0,1686.0,3112.0,180.0,62.0,106.0,66.0
ALBA,PONOR,102066.0,294358.0,58768.0,543843.0,23616.0,14585.0,20489.0,2846.0,13894.0,642.0,2784.0,1686.0,3112.0,180.0,62.0,106.0,66.0,102066.0,294358.0,58768.0,544335.0,23616.0,14585.0,20489.0,2846.0,13894.0,642.0,2784.0,1686.0,3112.0,180.0,62.0,106.0,66.0,102066.0,294358.0,58768.0,544817.0,23616.0,14585.0,20489.0,2846.0,13894.0,642.0,2784.0,1686.0,3112.0,180.0,62.0,106.0,66.0,102140.0,294644.0,58782.0,544817.0,23635.0,14652.0,20509.0,2848.0,13902.0,642.0,2784.0,1686.0,3112.0,180.0,62.0,106.0,66.0
ALBA,POŞAGA,102232.0,295061.0,58933.0,544817.0,23647.0,14652.0,20509.0,2848.0,13902.0,642.0,2784.0,1686.0,3112.0,180.0,62.0,106.0,66.0,102232.0,295061.0,58933.0,545479.0,23647.0,14652.0,20509.0,2848.0,13902.0,642.0,2784.0,1686.0,3112.0,180.0,62.0,106.0,66.0,102232.0,295061.0,58933.0,546133.0,23647.0,14652.0,20509.0,2848.0,13902.0,642.0,2784.0,1686.0,3112.0,180.0,62.0,106.0,66.0,102333.0,295453.0,59058.0,546133.0,23664.0,14660.0,20524.0,2849.0,13906.0,642.0,2784.0,1686.0,3112.0,180.0,62.0,106.0,66.0
ALBA,RĂDEŞTI,102399.0,296123.0,59058.0,546133.0,23670.0,14660.0,20524.0,2849.0,13906.0,642.0,2784.0,1686.0,3112.0,180.0,62.0,106.0,66.0,102399.0,296123.0,59058.0,546851.0,23670.0,14660.0,20524.0,2849.0,13906.0,642.0,2784.0,1686.0,3112.0,180.0,62.0,106.0,66.0,102399.0,296123.0,59058.0,547580.0,23670.0,14660.0,20524.0,2849.0,13906.0,642.0,2784.0,1686.0,3112.0,180.0,62.0,106.0,66.0,102482.0,296728.0,59069.0,547580.0,23680.0,14663.0,20536.0,2851.0,13921.0,642.0,2784.0,1686.0,3112.0,180.0,62.0,106.0,66.0
ALBA,RÂMEŢ,102767.0,296777.0,59069.0,547580.0,23691.0,14663.0,20536.0,2851.0,13921.0,642.0,2784.0,1686.0,3112.0,180.0,62.0,106.0,66.0,102767.0,296777.0,59069.0,547917.0,23691.0,14663.0,20536.0,2851.0,13921.0,642.0,2784.0,1686.0,3112.0,180.0,62.0,106.0,66.0,102767.0,296777.0,59069.0,548240.0,23691.0,14663.0,20536.0,2851.0,13921.0,642.0,2784.0,1686.0,3112.0,180.0,62.0,106.0,66.0,102944.0,296930.0,59072.0,548240.0,23693.0,14665.0,20538.0,2852.0,13922.0,642.0,2784.0,1686.0,3112.0,180.0,62.0,106.0,66.0
ALBA,RIMETEA,102954.0,296967.0,59072.0,548305.0,23693.0,14665.0,20538.0,2852.0,13922.0,642.0,3110.0,1686.0,3112.0,180.0,62.0,212.0,66.0,102954.0,296967.0,59072.0,548835.0,23693.0,14665.0,20538.0,2852.0,13922.0,642.0,3110.0,1686.0,3112.0,180.0,62.0,212.0,66.0,102954.0,296967.0,59072.0,549337.0,23693.0,14665.0,20538.0,2852.0,13922.0,642.0,3110.0,1686.0,3112.0,180.0,62.0,212.0,66.0,103023.0,297251.0,59099.0,549337.0,23696.0,14675.0,20548.0,2857.0,13928.0,642.0,3110.0,1686.0,3112.0,180.0,62.0,212.0,66.0
ALBA,ROŞIA DE SECAŞ,103418.0,297468.0,59110.0,549337.0,23771.0,14749.0,20548.0,2857.0,13928.0,642.0,3110.0,1686.0,3112.0,180.0,62.0,212.0,66.0,103418.0,297468.0,59110.0,550122.0,23771.0,14749.0,20548.0,2857.0,13928.0,642.0,3110.0,1686.0,3112.0,180.0,62.0,212.0,66.0,103418.0,297468.0,59110.0,550863.0,23771.0,14749.0,20548.0,2857.0,13928.0,642.0,3110.0,1686.0,3112.0,180.0,62.0,212.0,66.0,103693.0,297738.0,59123.0,550863.0,23848.0,14805.0,20557.0,2858.0,13945.0,642.0,3110.0,1686.0,3112.0,180.0,62.0,212.0,66.0
ALBA,ROŞIA MONTANĂ,103994.0,298301.0,59123.0,551054.0,23910.0,14881.0,20893.0,2914.0,13945.0,642.0,3110.0,1686.0,3112.0,180.0,62.0,212.0,66.0,103994.0,298301.0,59123.0,552586.0,23910.0,14881.0,20893.0,2914.0,13945.0,642.0,3110.0,1686.0,3112.0,180.0,62.0,212.0,66.0,103994.0,298301.0,59123.0,554089.0,23910.0,14881.0,20893.0,2914.0,13945.0,642.0,3110.0,1686.0,3112.0,180.0,62.0,212.0,66.0,104406.0,298901.0,59190.0,554089.0,23976.0,14936.0,21146.0,2955.0,13993.0,642.0,3110.0,1686.0,3112.0,180.0,62.0,212.0,66.0
ALBA,SĂLCIUA,104578.0,299304.0,59249.0,554089.0,24001.0,15067.0,21146.0,2955.0,13993.0,642.0,3110.0,1686.0,3112.0,180.0,62.0,212.0,66.0,104578.0,299304.0,59249.0,554856.0,24001.0,15067.0,21146.0,2955.0,13993.0,642.0,3110.0,1686.0,3112.0,180.0,62.0,212.0,66.0,104578.0,299304.0,59249.0,555600.0,24001.0,15067.0,21146.0,2955.0,13993.0,642.0,3110.0,1686.0,3112.0,180.0,62.0,212.0,66.0,104756.0,299694.0,59318.0,555600.0,24029.0,15123.0,21170.0,2958.0,14004.0,642.0,3110.0,1686.0,3112.0,180.0,62.0,212.0,66.0
ALBA,SĂLIŞTEA,105061.0,300298.0,59344.0,556044.0,24060.0,15123.0,21170.0,2958.0,14004.0,642.0,3110.0,1686.0,3112.0,180.0,62.0,212.0,66.0,105061.0,300298.0,59344.0,557419.0,24060.0,15123.0,21170.0,2958.0,14004.0,642.0,3110.0,1686.0,3112.0,180.0,62.0,212.0,66.0,105061.0,300298.0,59344.0,558765.0,24060.0,15123.0,21170.0,2958.0,14004.0,642.0,3110.0,1686.0,3112.0,180.0,62.0,212.0,66.0,105344.0,301137.0,59416.0,558765.0,24120.0,15176.0,21193.0,2964.0,14039.0,642.0,3110.0,1686.0,3112.0,180.0,62.0,212.0,66.0
ALBA,SÂNCEL,105460.0,301812.0,59461.0,558787.0,24198.0,15239.0,21395.0,2964.0,14039.0,642.0,3110.0,1686.0,3112.0,180.0,62.0,212.0,66.0,105460.0,301812.0,59461.0,559972.0,24198.0,15239.0,21395.0,2964.0,14039.0,642.0,3110.0,1686.0,3112.0,180.0,62.0,212.0,66.0,105460.0,301812.0,59461.0,561123.0,24198.0,15239.0,21395.0,2964.0,14039.0,642.0,3110.0,1686.0,3112.0,180.0,62.0,212.0,66.0,105590.0,302492.0,59503.0,561123.0,24279.0,15290.0,21545.0,2969.0,14074.0,642.0,3110.0,1686.0,3112.0,180.0,62.0,212.0,66.0
ALBA,SÂNTIMBRU,106013.0,303325.0,59556.0,561123.0,24320.0,15317.0,21595.0,2969.0,14074.0,642.0,3110.0,1686.0,3112.0,180.0,62.0,212.0,66.0,106013.0,303325.0,59556.0,562535.0,24320.0,15317.0,21595.0,2969.0,14074.0,642.0,3110.0,1686.0,3112.0,180.0,62.0,212.0,66.0,106013.0,303325.0,59556.0,563930.0,24320.0,15317.0,21595.0,2969.0,14074.0,642.0,3110.0,1686.0,3112.0,180.0,62.0,212.0,66.0,106414.0,304123.0,59629.0,563930.0,24360.0,15341.0,21631.0,2974.0,14111.0,642.0,3110.0,1686.0,3112.0,180.0,62.0,212.0,66.0
ALBA,SĂSCIORI,106773.0,305156.0,59702.0,564051.0,25361.0,15341.0,21746.0,2974.0,14111.0,642.0,3110.0,1686.0,3112.0,180.0,62.0,212.0,66.0,106773.0,305156.0,59702.0,566728.0,25361.0,15341.0,21746.0,2974.0,14111.0,642.0,3110.0,1686.0,3112.0,180.0,62.0,212.0,66.0,106773.0,305156.0,59702.0,569351.0,25361.0,15341.0,21746.0,2974.0,14111.0,642.0,3110.0,1686.0,3112.0,180.0,62.0,212.0,66.0,107073.0,306465.0,59863.0,569351.0,26100.0,15355.0,21848.0,2983.0,14151.0,642.0,3110.0,1686.0,3112.0,180.0,62.0,212.0,66.0
ALBA,SCĂRIŞOARA,107073.0,306958.0,59863.0,569351.0,26100.0,15815.0,21848.0,2983.0,14151.0,642.0,3110.0,1686.0,3112.0,180.0,62.0,212.0,66.0,107073.0,306958.0,59863.0,570272.0,26100.0,15815.0,21848.0,2983.0,14151.0,642.0,3110.0,1686.0,3112.0,180.0,62.0,212.0,66.0,107073.0,306958.0,59863.0,571147.0,26100.0,15815.0,21848.0,2983.0,14151.0,642.0,3110.0,1686.0,3112.0,180.0,62.0,212.0,66.0,107179.0,307397.0,59902.0,571147.0,26172.0,16018.0,21877.0,2994.0,14162.0,642.0,3110.0,1686.0,3112.0,180.0,62.0,212.0,66.0
ALBA,ŞIBOT,107511.0,307826.0,59974.0,571147.0,26214.0,16246.0,21965.0,2994.0,14162.0,642.0,3110.0,1768.0,3112.0,180.0,62.0,212.0,66.0,107511.0,307826.0,59974.0,572403.0,26214.0,16246.0,21965.0,2994.0,14162.0,642.0,3110.0,1768.0,3112.0,180.0,62.0,212.0,66.0,107511.0,307826.0,59974.0,573633.0,26214.0,16246.0,21965.0,2994.0,14162.0,642.0,3110.0,1768.0,3112.0,180.0,62.0,212.0,66.0,107824.0,308360.0,60059.0,573633.0,26272.0,16362.0,22062.0,2997.0,14189.0,642.0,3110.0,1768.0,3112.0,180.0,62.0,212.0,66.0
ALBA,SOHODOL,107922.0,308929.0,60091.0,573748.0,26296.0,16373.0,22062.0,2997.0,14189.0,642.0,3110.0,1768.0,3112.0,180.0,62.0,212.0,66.0,107922.0,308929.0,60091.0,574574.0,26296.0,16373.0,22062.0,2997.0,14189.0,642.0,3110.0,1768.0,3112.0,180.0,62.0,212.0,66.0,107922.0,308929.0,60091.0,575377.0,26296.0,16373.0,22062.0,2997.0,14189.0,642.0,3110.0,1768.0,3112.0,180.0,62.0,212.0,66.0,108112.0,309459.0,60112.0,575377.0,26329.0,16390.0,22075.0,3006.0,14196.0,642.0,3110.0,1768.0,3112.0,180.0,62.0,212.0,66.0
ALBA,ŞONA,108390.0,310691.0,60112.0,575377.0,26530.0,16390.0,22180.0,3006.0,14196.0,642.0,3110.0,1768.0,3112.0,180.0,62.0,212.0,66.0,108390.0,310691.0,60112.0,577179.0,26530.0,16390.0,22180.0,3006.0,14196.0,642.0,3110.0,1768.0,3112.0,180.0,62.0,212.0,66.0,108390.0,310691.0,60112.0,578932.0,26530.0,16390.0,22180.0,3006.0,14196.0,642.0,3110.0,1768.0,3112.0,180.0,62.0,212.0,66.0,108612.0,311841.0,60170.0,578932.0,26658.0,16423.0,22331.0,3011.0,14220.0,642.0,3110.0,1768.0,3112.0,180.0,62.0,212.0,66.0
ALBA,ŞPRING,108612.0,312593.0,60265.0,578932.0,26665.0,16423.0,22331.0,3011.0,14848.0,642.0,3110.0,1768.0,3112.0,180.0,62.0,212.0,66.0,108612.0,312593.0,60265.0,580379.0,26665.0,16423.0,22331.0,3011.0,14848.0,642.0,3110.0,1768.0,3112.0,180.0,62.0,212.0,66.0,108612.0,312593.0,60265.0,581816.0,26665.0,16423.0,22331.0,3011.0,14848.0,642.0,3110.0,1768.0,3112.0,180.0,62.0,212.0,66.0,108702.0,313356.0,60340.0,581816.0,26681.0,16429.0,22360.0,3018.0,15317.0,642.0,3110.0,1768.0,3112.0,180.0,62.0,212.0,66.0
ALBA,STREMŢ,109456.0,313939.0,60340.0,581816.0,26694.0,16429.0,22360.0,3018.0,15317.0,642.0,3110.0,1768.0,3112.0,180.0,62.0,212.0,66.0,109456.0,313939.0,60340.0,583166.0,26694.0,16429.0,22360.0,3018.0,15317.0,642.0,3110.0,1768.0,3112.0,180.0,62.0,212.0,66.0,109456.0,313939.0,60340.0,584463.0,26694.0,16429.0,22360.0,3018.0,15317.0,642.0,3110.0,1768.0,3112.0,180.0,62.0,212.0,66.0,110052.0,314562.0,60382.0,584463.0,26717.0,16449.0,22374.0,3021.0,15341.0,642.0,3110.0,1768.0,3112.0,180.0,62.0,212.0,66.0
ALBA,ŞUGAG,110157.0,315673.0,60382.0,584463.0,26717.0,16573.0,22374.0,3021.0,15341.0,642.0,3110.0,1768.0,3112.0,180.0,62.0,212.0,66.0,110157.0,315673.0,60382.0,585779.0,26717.0,16573.0,22374.0,3021.0,15341.0,642.0,3110.0,1768.0,3112.0,180.0,62.0,212.0,66.0,110157.0,315673.0,60382.0,587060.0,26717.0,16573.0,22374.0,3021.0,15341.0,642.0,3110.0,1768.0,3112.0,180.0,62.0,212.0,66.0,110262.0,316677.0,60491.0,587060.0,26745.0,16597.0,22393.0,3026.0,15352.0,642.0,3110.0,1768.0,3112.0,180.0,62.0,212.0,66.0
ALBA,UNIREA,110480.0,317779.0,61063.0,587060.0,26808.0,16597.0,22393.0,3026.0,15352.0,642.0,3110.0,1768.0,3112.0,180.0,62.0,212.0,66.0,110480.0,317779.0,61063.0,588966.0,26808.0,16597.0,22393.0,3026.0,15352.0,642.0,3110.0,1768.0,3112.0,180.0,62.0,212.0,66.0,110480.0,317779.0,61063.0,590825.0,26808.0,16597.0,22393.0,3026.0,15352.0,642.0,3110.0,1768.0,3112.0,180.0,62.0,212.0,66.0,110738.0,318949.0,61346.0,590825.0,26869.0,16625.0,22417.0,3040.0,15388.0,642.0,3110.0,1768.0,3112.0,180.0,62.0,212.0,66.0
ALBA,VADU MOŢILOR,111167.0,319448.0,61346.0,590825.0,26889.0,16625.0,22417.0,3040.0,15388.0,642.0,3110.0,1768.0,3112.0,180.0,62.0,212.0,66.0,111167.0,319448.0,61346.0,591747.0,26889.0,16625.0,22417.0,3040.0,15388.0,642.0,3110.0,1768.0,3112.0,180.0,62.0,212.0,66.0,111167.0,319448.0,61346.0,592652.0,26889.0,16625.0,22417.0,3040.0,15388.0,642.0,3110.0,1768.0,3112.0,180.0,62.0,212.0,66.0,111409.0,319937.0,61352.0,592652.0,26908.0,16721.0,22431.0,3042.0,15394.0,642.0,3110.0,1768.0,3112.0,180.0,62.0,212.0,66.0
ALBA,VALEA LUNGĂ,111409.0,320652.0,61352.0,592652.0,26908.0,16721.0,22431.0,3042.0,16364.0,642.0,3110.0,1768.0,3112.0,180.0,62.0,212.0,66.0,111409.0,320652.0,61352.0,594306.0,26908.0,16721.0,22431.0,3042.0,16364.0,642.0,3110.0,1768.0,3112.0,180.0,62.0,212.0,66.0,111409.0,320652.0,61352.0,595882.0,26908.0,16721.0,22431.0,3042.0,16364.0,642.0,3110.0,1768.0,3112.0,180.0,62.0,212.0,66.0,111472.0,321408.0,61373.0,595882.0,26961.0,16754.0,22527.0,3043.0,16986.0,642.0,3110.0,1768.0,3112.0,180.0,62.0,212.0,66.0
ALBA,VIDRA,112001.0,321790.0,61384.0,595882.0,26975.0,16754.0,22540.0,3043.0,16986.0,670.0,3110.0,1768.0,3112.0,180.0,62.0,212.0,66.0,112001.0,321790.0,61384.0,596829.0,26975.0,16754.0,22540.0,3043.0,16986.0,670.0,3110.0,1768.0,3112.0,180.0,62.0,212.0,66.0,112001.0,321790.0,61384.0,597755.0,26975.0,16754.0,22540.0,3043.0,16986.0,670.0,3110.0,1768.0,3112.0,180.0,62.0,212.0,66.0,112385.0,322194.0,61417.0,597755.0,27030.0,16773.0,22569.0,3046.0,16998.0,670.0,3110.0,1768.0,3112.0,180.0,62.0,212.0,66.0
ALBA,VINŢU DE JOS,113018.0,323153.0,61756.0,597755.0,27318.0,16773.0,22773.0,3046.0,17058.0,670.0,3110.0,1768.0,3112.0,180.0,62.0,212.0,132.0,113018.0,323153.0,61756.0,600229.0,27318.0,16773.0,22773.0,3046.0,17058.0,670.0,3110.0,1768.0,3112.0,180.0,62.0,212.0,132.0,113018.0,323153.0,61756.0,602685.0,27318.0,16773.0,22773.0,3046.0,17058.0,670.0,3110.0,1768.0,3112.0,180.0,62.0,212.0,132.0,113524.0,324326.0,62065.0,602685.0,27520.0,16804.0,22930.0,3060.0,17186.0,670.0,3110.0,1768.0,3112.0,180.0,62.0,212.0,132.0
